county,all_industries,nat_resource_mining,construction,manufacturing,trade_trans_util,information,financial,prof_bus_services,education_health,leisure_hospitality,other_x,government,housing_units,highway_miles,lane_miles,number_of_bridges,state_facilities,facilities_sq_ft,conservation_lands,con_land_acres,non_cons_lands,non_con_acreage,revenue_(000),revenue_per_capita,tota_spending_(000),spending_per_capita,spending_pct_revenue,govt_service_spending,ggs_per_capita,ggs_pct_revenue,public_safety_(000),ps_per_capita,ps_pct_revenue,phys_env_(000),pe_per_capita,pe_pct_revenue,transportation_(000),transp_per_capita,transp_pct_revenue,economic_environment_(000),ee_per_capita,ee_pct_revenue,human_services_(000),hs_per_capita,hs_pct_revenue,num_emp_rca_Accommodation & Food Service,num_emp_rca_Admin._Support_Waste Management Services,num_emp_rca_Agriculture_Forestry_Fishing_Hunting,num_emp_rca_Arts_Entertainment_Recreation,num_emp_rca_Construction,num_emp_rca_Educational Services,num_emp_rca_Finance & Insurance,num_emp_rca_Healthcare & Social Assistance,num_emp_rca_Information,num_emp_rca_Management of Companies & Enterprises,num_emp_rca_Manufacturing,num_emp_rca_Mining_Quarrying_Oil_Gas Extraction,num_emp_rca_Other services_except public administration,num_emp_rca_Professional_Scientific_Tech Services,num_emp_rca_Public Admin.,num_emp_rca_Real Estate_Rental & Leasing,num_emp_rca_Retail trade,num_emp_rca_Transportation & Warehousing,num_emp_rca_Utilities,num_emp_rca_Wholesale trade,biomass,coal,hydroelectric,natural gas,nuclear,other_y,petroleum,solar,ihProgramDeclared_Coastal Storm,ihProgramDeclared_Fire,ihProgramDeclared_Flood,ihProgramDeclared_Freezing,ihProgramDeclared_Human Cause,ihProgramDeclared_Hurricane,ihProgramDeclared_Severe Storms,ihProgramDeclared_Tornado,iaProgramDeclared_Coastal Storm,iaProgramDeclared_Fire,iaProgramDeclared_Flood,iaProgramDeclared_Freezing,iaProgramDeclared_Human Cause,iaProgramDeclared_Hurricane,iaProgramDeclared_Severe Storms,iaProgramDeclared_Tornado,paProgramDeclared_Coastal Storm,paProgramDeclared_Fire,paProgramDeclared_Flood,paProgramDeclared_Freezing,paProgramDeclared_Human Cause,paProgramDeclared_Hurricane,paProgramDeclared_Severe Storms,paProgramDeclared_Tornado,hmProgramDeclared_Coastal Storm,hmProgramDeclared_Fire,hmProgramDeclared_Flood,hmProgramDeclared_Freezing,hmProgramDeclared_Human Cause,hmProgramDeclared_Hurricane,hmProgramDeclared_Severe Storms,hmProgramDeclared_Tornado,number of claims_irma,closed claims (paid)_irma,closed claims (not paid)_irma,number claims open_irma,percent claims closed_irma,number of claims_michael,closed claims (paid)_michael,closed claims (not paid)_michael,number claims open_michael,percent claims closed_michael,foreign_avg,us_avg,avg_age,hospitals
alachua,7145,81,652,206,1294,108,663,1662,955,713,646,0,112766,293.4,1038.1,70,365,1715400,160,39553.9,266,12458.7,371979.0,1447.04,384797.3,1496.9,103.4,92238.56,358.82,24.8,106840.8,415.62,28.7,24687.23,96.04,6.6,16083.32,62.57,4.3,12643.76,49.19,3.4,16334.64,63.54,8.0,1.19357,0.988769,0.814928,1.0750899999999999,0.682758,2.27475,0.639125,1.32615,0.5978720000000001,0.6935939999999999,0.405275,0.616266,1.26732,0.733338,0.7299979999999999,0.909452,0.879142,0.532053,1.14002,0.33281700000000003,1.0,1.0,0.0,3.0,0.0,0.0,0.0,2.0,0.0,0.0,0.0,0.0,0.0,3.0,1.0,0.0,0.0,1.0,0.0,1.0,0.0,2.0,2.0,1.0,0.0,5.0,0.0,0.0,0.0,8.0,3.0,1.0,0.0,0.0,0.0,1.0,0.0,5.0,1.0,0.0,"4,218 ","2,353 ","1,755 ",110 ,97.4%,0,0,0,0,0,38.8,30.3,34.55,6
baker,425,6,58,5,124,7,25,44,38,43,39,34,9687,83.9,225.9,36,146,1011633,24,37865.7,12,661.2,50261.7,1863.96,49131.84,1822.06,97.8,6782.15,251.52,13.5,25012.5,927.59,49.8,810.64,30.06,1.6,3832.29,142.12,7.6,1274.45,47.26,2.5,806.17,29.9,1.6,0.6537,1.22644,0.44497299999999995,0.321499,1.39516,0.78037,0.679071,1.2829899999999999,0.599213,0.0,0.597901,0.0,0.827931,0.5921649999999999,2.27455,0.46142,1.15739,1.80897,1.1824299999999999,0.978641,0.0,0.0,0.0,0.0,0.0,0.0,0.0,0.0,0.0,0.0,0.0,0.0,0.0,3.0,2.0,0.0,0.0,1.0,1.0,1.0,0.0,2.0,4.0,1.0,0.0,5.0,1.0,0.0,0.0,9.0,6.0,1.0,0.0,0.0,0.0,0.0,0.0,5.0,3.0,0.0,567 ,385 ,175 ,7 ,98.8%,0,0,0,0,0,52.3,36.2,44.25,2
bay,5576,34,683,147,1203,49,585,963,635,698,414,130,99650,215.1,671.2,52,106,545051,120,7219.0,174,79.6,241091.2,1369.71,250862.17,1425.22,104.1,34913.1,198.35,14.5,72036.44,409.26,29.9,50215.39,285.29,20.8,25761.36,146.36,10.7,44537.38,253.03,18.5,6152.34,34.95,2.6,1.62141,1.41679,0.482309,0.8741049999999999,1.0425200000000001,0.796082,0.54059,0.92799,0.70053,0.24864499999999998,0.574171,0.580344,1.0379200000000002,0.829081,1.59045,1.71448,1.2833700000000001,0.8579700000000001,0.675524,0.642138,2.0,0.0,0.0,1.0,0.0,0.0,0.0,0.0,0.0,0.0,0.0,0.0,0.0,3.0,0.0,0.0,0.0,1.0,3.0,0.0,0.0,7.0,2.0,0.0,0.0,3.0,3.0,0.0,0.0,17.0,8.0,0.0,0.0,0.0,0.0,0.0,0.0,10.0,5.0,0.0,201 ,123 ,72 ,6 ,97.0%,"81,736","46,747","6,717","28,272",65.4%,45.8,39.2,42.5,5
bradford,538,22,57,16,141,7,36,74,52,53,43,32,11011,69.0,178.6,24,147,1288365,8,307.6,63,11041.1,37637.0,1371.61,38007.24,1385.1,101.0,4985.73,181.7,13.2,11429.99,416.54,30.4,1314.96,47.92,3.5,4576.09,166.77,12.2,688.45,25.09,1.8,876.22,31.93,2.3,1.04013,1.11362,0.61727,0.377849,1.06921,0.838199,0.754454,1.34404,0.14966400000000002,0.0,0.541571,0.66471,1.10275,0.709975,3.3465300000000004,0.3833,0.84434,1.119,0.34971399999999997,0.5217470000000001,0.0,0.0,0.0,0.0,0.0,0.0,0.0,0.0,0.0,0.0,0.0,0.0,0.0,3.0,2.0,0.0,0.0,1.0,0.0,1.0,0.0,2.0,2.0,0.0,0.0,5.0,0.0,0.0,0.0,8.0,4.0,0.0,0.0,0.0,0.0,0.0,0.0,5.0,2.0,0.0,850 ,496 ,342 ,12 ,98.6%,0,0,0,0,0,53.1,40.7,46.90000000000001,1
brevard,15835,53,1952,637,3002,210,1509,3558,1868,1435,1339,171,269864,335.4,1398.2,174,60,196689,1243,32965.8,135,72.6,733752.6,1289.73,711142.61,1249.99,96.9,206612.28,363.17,28.2,184037.46,323.49,25.1,97595.82,171.55,13.3,67203.75,118.13,9.2,18962.48,33.33,2.6,22617.88,39.76,3.1,1.19204,1.35805,0.887359,1.07641,1.01057,0.844726,0.546154,0.95421,0.629339,0.8326870000000001,1.05436,0.0967683,1.12659,1.03401,1.103,1.15515,1.0792700000000002,1.1517700000000002,0.8983709999999999,0.430543,0.0,0.0,0.0,4.0,0.0,0.0,0.0,1.0,0.0,0.0,0.0,0.0,0.0,7.0,1.0,0.0,1.0,1.0,0.0,4.0,0.0,7.0,3.0,0.0,1.0,6.0,0.0,0.0,0.0,14.0,3.0,0.0,0.0,0.0,0.0,0.0,0.0,9.0,1.0,0.0,"46,883 ","33,403 ","11,173 ","2,307 ",95.1%,0,0,0,0,0,50.4,46.7,48.55,11
broward,69176,143,5679,1985,14535,1068,7324,17727,7859,5413,5939,303,810388,451.4,2483.4,455,216,1904273,446,249692.9,218,24262.4,2953292.0,1592.49,2782796.0,1500.55,94.2,443126.0,238.94,15.0,824210.0,444.43,27.9,179145.0,96.6,6.1,562931.0,303.55,19.1,13664.0,7.37,0.5,150872.0,81.35,5.1,1.10719,1.42614,0.269771,1.30174,1.0756299999999999,0.7875909999999999,1.0256100000000001,0.9885719999999999,1.00396,0.251148,0.523722,0.167017,1.11832,0.935435,0.862129,1.58004,1.14182,1.14624,0.612757,1.3209,2.0,0.0,0.0,2.0,0.0,0.0,0.0,0.0,0.0,0.0,0.0,0.0,0.0,3.0,0.0,0.0,0.0,0.0,0.0,5.0,0.0,5.0,3.0,1.0,0.0,3.0,0.0,1.0,1.0,17.0,3.0,1.0,0.0,0.0,0.0,0.0,0.0,8.0,1.0,0.0,"84,042 ","44,524 ","28,450 ","11,068 ",86.8%,0,0,0,0,0,47.9,33.4,40.65,25
calhoun,227,17,33,3,55,4,12,19,23,20,14,24,5999,95.9,193.9,23,56,320194,4,50.5,12,199.6,24115.3,1654.0,23601.61,1618.77,97.9,3140.1,215.37,13.0,3751.76,257.32,15.6,328.84,22.55,1.4,13783.85,945.39,57.2,337.32,23.14,1.4,311.64,21.37,1.3,1.22359,0.358923,6.2695099999999995,0.209877,1.5457299999999998,0.680018,0.590295,1.15208,0.470941,0.0,0.513089,1.72154,1.16642,0.325757,2.90387,0.40856,0.9530959999999999,0.5158739999999999,1.0534700000000001,0.754201,0.0,0.0,0.0,0.0,0.0,0.0,0.0,0.0,0.0,0.0,0.0,0.0,0.0,2.0,1.0,0.0,0.0,1.0,1.0,0.0,0.0,3.0,2.0,1.0,0.0,3.0,1.0,0.0,0.0,13.0,8.0,1.0,0.0,0.0,0.0,0.0,0.0,6.0,5.0,0.0,24 ,20 ,4 ,0 ,100.0%,"3,900","2,870",237,793,79.7%,42.9,40.4,41.65,1
charlotte,4638,33,705,108,876,53,510,868,587,409,397,56,100632,97.3,368.7,59,76,452273,233,104112.9,53,300.7,551252.1,3234.1,540568.55,3171.42,98.1,85453.79,501.34,15.5,113906.5,668.27,20.7,85679.71,502.67,15.5,100010.51,586.74,18.1,3411.1,20.01,0.6,15321.01,89.89,2.8,1.2314,1.47502,0.402688,1.11004,1.44618,0.70672,0.729043,1.06833,0.861497,0.28438,0.385201,0.141711,1.17254,0.7761140000000001,0.860049,1.62915,1.5312700000000001,0.756007,1.11628,0.6990850000000001,1.0,0.0,0.0,0.0,0.0,0.0,0.0,1.0,0.0,0.0,0.0,0.0,0.0,4.0,0.0,0.0,0.0,0.0,0.0,4.0,0.0,4.0,0.0,1.0,1.0,4.0,1.0,0.0,0.0,11.0,4.0,1.0,1.0,0.0,0.0,0.0,0.0,6.0,3.0,0.0,"7,949 ","4,572 ","3,117 ",260 ,96.7%,0,0,0,0,0,61.0,57.3,59.15,3
citrus,3093,35,441,68,624,36,304,542,382,315,275,49,78026,88.5,294.3,12,111,243568,373,90918.3,55,159.0,202574.6,1416.07,203002.1,1419.06,100.2,38182.45,266.91,18.8,72449.08,506.45,35.8,22128.47,154.69,10.9,35255.15,246.45,17.4,1782.74,12.46,0.9,9417.97,65.84,4.6,1.24835,1.17131,0.539201,1.29929,1.3037299999999998,0.811345,0.576485,1.24452,0.466912,0.0,0.426836,0.618275,1.17076,0.6144229999999999,1.08041,1.12321,1.3256299999999999,0.921093,3.26227,0.63342,0.0,1.0,0.0,0.0,0.0,0.0,0.0,0.0,0.0,0.0,0.0,0.0,0.0,5.0,1.0,0.0,0.0,1.0,0.0,3.0,0.0,4.0,2.0,1.0,0.0,2.0,0.0,0.0,0.0,11.0,4.0,1.0,0.0,0.0,0.0,0.0,0.0,6.0,2.0,0.0,"2,579 ","1,356 ","1,160 ",63 ,97.6%,0,0,0,0,0,61.8,55.5,58.65,2
clay,4428,29,699,106,865,48,399,841,584,369,383,57,75478,109.9,371.7,32,166,303307,68,26016.2,109,1986.1,211701.2,1031.07,206511.7,1005.8,97.5,39021.74,190.05,18.4,75844.06,369.39,35.8,18901.94,92.06,8.9,25982.14,126.54,12.3,1730.89,8.43,0.8,5590.84,27.23,2.6,0.983967,1.2071,0.240754,0.646888,1.22546,0.836467,1.2659200000000002,1.0690600000000001,0.798797,0.691079,0.477525,0.176249,0.9970399999999999,0.7655649999999999,1.32623,1.21138,1.17554,1.6316700000000002,1.18718,1.0424,0.0,0.0,0.0,0.0,0.0,0.0,0.0,0.0,0.0,0.0,0.0,0.0,0.0,4.0,2.0,0.0,0.0,1.0,0.0,1.0,0.0,3.0,4.0,0.0,0.0,5.0,0.0,0.0,0.0,8.0,6.0,0.0,0.0,0.0,0.0,0.0,0.0,6.0,3.0,0.0,"9,394 ","6,268 ","2,903 ",223 ,97.6%,0,0,0,0,0,47.4,38.0,42.7,3
collier,13979,103,1980,297,2333,177,1903,3258,1239,1174,1314,83,197298,206.2,717.2,218,71,364881,20896,206425.3,63,364.9,968992.3,2766.95,920145.3,2627.47,95.0,190614.33,544.3,19.7,225158.56,642.94,23.2,148513.64,424.08,15.3,76236.19,217.69,7.9,11156.15,31.86,1.2,14156.81,40.42,1.5,1.57792,2.2981700000000003,3.6958800000000003,2.1189299999999998,1.79646,0.500743,0.707114,0.7381840000000001,0.355192,0.0,0.27554,0.0,1.26944,0.8224969999999999,0.435188,2.1809,1.0017,0.744875,1.1095899999999999,0.733024,1.0,0.0,0.0,0.0,0.0,0.0,0.0,0.0,0.0,0.0,0.0,0.0,0.0,3.0,1.0,0.0,0.0,0.0,0.0,5.0,0.0,6.0,3.0,1.0,1.0,8.0,0.0,1.0,0.0,15.0,3.0,1.0,0.0,1.0,0.0,0.0,0.0,9.0,3.0,0.0,"95,273 ","68,402 ","19,940 ","6,931 ",92.7%,0,0,0,0,0,45.9,53.1,49.5,6
columbia,13979,103,1980,297,2333,177,1903,3258,1239,1174,1314,83,28636,203.9,624.8,72,216,1222969,70,8007.2,45,563.2,123795.0,1805.49,114727.89,1673.25,92.7,9781.22,142.65,7.9,25982.98,378.95,21.0,7803.55,113.81,6.3,17749.36,258.87,14.3,2072.28,30.22,1.7,2614.96,38.14,2.1,1.1434,1.21193,0.8227780000000001,0.374085,1.24726,0.815988,0.580487,1.24525,0.543967,0.0,0.531129,0.835986,0.954767,0.49332700000000007,2.24839,0.735618,1.23773,1.37768,0.595816,0.484907,0.0,0.0,0.0,0.0,0.0,0.0,0.0,0.0,0.0,0.0,0.0,0.0,0.0,3.0,1.0,0.0,0.0,1.0,1.0,1.0,0.0,2.0,1.0,1.0,0.0,5.0,1.0,0.0,0.0,9.0,3.0,1.0,0.0,0.0,0.0,0.0,0.0,5.0,1.0,0.0,"1,010 ",637 ,361 ,12 ,98.8%,0,0,0,0,0,48.7,40.1,44.40000000000001,3
desoto,630,92,95,15,127,4,31,73,46,64,44,38,14590,82.9,208.0,28,201,1516788,17,1148.6,24,1503.3,53647.6,1526.64,50837.83,1446.68,94.8,11475.32,326.55,21.4,15883.68,452.0,29.6,8398.87,239.0,15.7,4154.48,118.22,7.7,798.32,22.72,1.5,1620.72,46.12,3.0,0.748296,1.2474399999999999,16.9162,0.810995,1.6669599999999998,0.532573,0.42346000000000006,0.556765,0.22657399999999997,0.0,0.532226,0.25669699999999995,0.9708700000000001,0.22499699999999997,1.44159,0.5902310000000001,1.05187,0.891817,1.9523400000000002,0.722102,0.0,0.0,0.0,0.0,0.0,0.0,0.0,2.0,0.0,0.0,0.0,0.0,0.0,4.0,0.0,0.0,0.0,0.0,0.0,4.0,0.0,3.0,1.0,0.0,1.0,4.0,2.0,0.0,0.0,9.0,3.0,0.0,1.0,0.0,0.0,0.0,0.0,5.0,1.0,0.0,"2,165 ","1,504 ",610 ,51 ,97.6%,0,0,0,0,0,39.9,40.4,40.15,1
dixie,227,14,29,7,52,3,7,25,17,29,17,27,9319,46.3,151.0,34,107,344721,67,20943.5,20,277.2,25099.7,1496.44,25093.22,1496.05,100.0,3397.91,202.58,13.5,8955.75,533.94,35.7,1735.03,103.44,6.9,6917.78,412.44,27.6,382.33,22.79,1.5,517.55,30.86,2.1,0.784239,0.722065,3.04376,0.25027699999999997,1.78404,0.818632,0.349191,0.991498,0.132938,0.0,1.07609,0.0,0.645029,0.08590199999999999,3.19726,1.4947,1.14378,0.942442,1.50138,0.305109,0.0,0.0,0.0,0.0,0.0,0.0,0.0,0.0,0.0,0.0,0.0,0.0,0.0,6.0,1.0,0.0,1.0,1.0,1.0,1.0,0.0,6.0,2.0,1.0,1.0,3.0,1.0,0.0,0.0,11.0,6.0,1.0,0.0,0.0,0.0,0.0,0.0,8.0,3.0,0.0,233 ,154 ,76 ,3 ,98.7%,0,0,0,0,0,67.2,45.6,56.40000000000001,0
duval,29324,60,3260,813,6007,393,3067,6667,3318,2646,2587,263,388486,484.7,2091.4,603,140,1469346,168,19835.7,248,5397.9,5521355.6,6285.3,4908959.19,5588.17,88.9,1386048.09,1577.82,25.1,647566.51,737.16,11.7,1670654.71,1901.81,30.3,384515.74,437.72,7.0,53808.86,61.25,1.0,112512.7,128.08,2.0,1.0586799999999998,1.411,0.133099,0.9517040000000001,1.11446,0.7528859999999999,2.04882,0.964526,0.635995,0.555399,0.524554,0.228088,0.8789540000000001,0.9439489999999999,1.0824799999999999,0.83711,1.02146,1.42279,0.351619,1.1597,1.0,2.0,0.0,6.0,0.0,0.0,0.0,1.0,0.0,0.0,0.0,0.0,0.0,6.0,2.0,0.0,0.0,1.0,0.0,1.0,0.0,5.0,4.0,1.0,0.0,4.0,0.0,0.0,0.0,11.0,5.0,1.0,0.0,0.0,0.0,0.0,0.0,7.0,2.0,0.0,"37,279 ","23,352 ","12,537 ","1,390 ",96.3%,0,0,0,0,0,44.7,34.9,39.8,15
escambia,8099,33,947,229,1823,96,777,1559,950,812,678,137,136703,259.1,855.5,114,123,641031,74,5707.4,134,2172.7,426772.5,1376.75,420289.26,1355.83,98.5,106223.38,342.67,24.9,148482.33,479.0,34.8,13879.21,44.77,3.3,52096.37,168.06,12.2,35057.88,113.1,8.2,2548.92,8.22,0.6,1.45876,1.02575,0.6282760000000001,0.752899,0.679951,1.15095,0.9259370000000001,0.877516,0.7841229999999999,0.0,0.598517,0.274963,0.90364,0.7792640000000001,1.24861,1.1502,1.62504,0.847498,1.07731,0.511188,2.0,1.0,0.0,2.0,0.0,0.0,0.0,0.0,0.0,0.0,0.0,0.0,0.0,2.0,1.0,0.0,0.0,0.0,2.0,0.0,0.0,6.0,1.0,0.0,0.0,2.0,3.0,0.0,0.0,17.0,5.0,0.0,0.0,0.0,0.0,0.0,0.0,8.0,3.0,0.0,259 ,155 ,99 ,5 ,98.1%,0,0,0,0,0,42.8,36.8,39.8,6
flagler,2493,16,386,64,427,31,271,533,259,233,214,35,48595,102.4,343.2,38,42,63386,42,4488.0,41,39.6,136253.5,1321.63,138685.64,1345.22,101.8,36913.07,358.05,27.1,47801.78,463.67,35.1,5384.61,52.23,4.0,23407.94,227.05,17.2,2606.79,25.29,1.9,4400.81,42.69,3.2,1.41957,1.37507,0.489231,1.06588,1.05758,0.808057,0.857827,1.05765,0.788849,0.277404,0.553768,0.0851171,1.0379200000000002,0.903861,0.767275,1.90715,1.36801,0.779435,0.5813729999999999,0.8527549999999999,0.0,0.0,0.0,0.0,0.0,0.0,0.0,0.0,0.0,0.0,0.0,0.0,0.0,6.0,0.0,0.0,0.0,1.0,0.0,2.0,0.0,4.0,1.0,0.0,1.0,3.0,0.0,0.0,0.0,12.0,3.0,0.0,1.0,0.0,0.0,0.0,0.0,7.0,2.0,0.0,"6,749 ","4,351 ","2,164 ",234 ,96.5%,0,0,0,0,0,57.8,48.2,53.0,1
franklin,367,3,44,5,91,11,33,32,27,64,27,30,8652,91.2,182.3,18,126,480085,255,250727.9,45,511.2,33820.5,2838.24,33284.95,2793.3,98.4,4136.14,347.11,12.2,6251.96,524.67,18.5,2112.06,177.25,6.2,4504.1,377.99,13.3,1567.6,131.55,4.6,9376.2,786.86,27.7,1.4859200000000001,1.22812,6.45863,0.966892,0.9611879999999999,0.9087280000000001,0.44467799999999996,0.7632800000000001,0.517245,0.0,0.191353,0.354365,0.8989879999999999,0.36733899999999997,2.3755,2.33011,0.868934,0.890625,1.3533899999999999,1.88883,0.0,0.0,0.0,0.0,0.0,0.0,0.0,0.0,0.0,0.0,0.0,0.0,0.0,3.0,1.0,0.0,1.0,0.0,0.0,0.0,0.0,7.0,2.0,1.0,1.0,2.0,1.0,0.0,0.0,18.0,6.0,1.0,0.0,0.0,0.0,0.0,0.0,11.0,3.0,0.0,51 ,26 ,22 ,3 ,94.1%,"2,220",889,733,598,73.1%,37.8,44.1,40.95,1
gadsden,838,33,140,23,204,9,40,96,91,62,84,51,19506,138.0,414.0,71,307,2676466,236,20315.5,78,4496.9,63147.5,1302.39,66852.08,1378.79,105.9,8457.57,174.43,13.4,12673.78,261.39,20.1,350.08,7.22,0.6,10095.65,208.22,16.0,801.33,16.53,1.3,11101.54,228.96,17.6,0.759173,1.2099,2.25136,0.282402,1.46897,1.3365,0.705281,1.04217,0.697185,0.0,0.334939,0.4347,0.787293,0.578461,3.2808599999999997,0.45216300000000004,0.899307,0.66406,1.64811,0.856985,0.0,0.0,1.0,0.0,0.0,0.0,0.0,0.0,0.0,0.0,0.0,0.0,0.0,2.0,1.0,0.0,0.0,0.0,1.0,0.0,0.0,2.0,4.0,0.0,0.0,2.0,1.0,0.0,0.0,13.0,6.0,0.0,0.0,0.0,0.0,0.0,0.0,7.0,2.0,0.0,201 ,109 ,90 ,2 ,99.0%,"5,676","3,829",951,896,84.2%,44.8,39.8,42.3,2
gilchrist,335,38,58,11,75,4,17,36,17,23,25,28,7307,60.2,121.7,6,88,284728,9,1392.3,20,402.9,21655.8,1285.37,20886.1,1239.68,96.4,4131.88,245.24,19.1,6932.28,411.46,32.0,1020.74,60.59,4.7,5054.95,300.03,23.3,406.93,24.15,1.9,1117.01,66.3,5.2,1.08399,1.6754900000000001,2.91008,0.264993,1.4167,0.8730559999999999,0.8318760000000001,0.9351200000000001,0.610773,0.0,0.606186,0.404665,0.8428889999999999,0.491616,2.11859,1.65503,1.0675,0.767582,1.1733200000000001,0.5673060000000001,0.0,0.0,0.0,0.0,0.0,0.0,0.0,0.0,0.0,0.0,0.0,0.0,0.0,3.0,2.0,0.0,0.0,1.0,1.0,1.0,0.0,2.0,1.0,1.0,0.0,4.0,1.0,0.0,0.0,8.0,3.0,1.0,0.0,0.0,0.0,0.0,0.0,5.0,2.0,0.0,199 ,137 ,58 ,4 ,98.0%,0,0,0,0,0,51.7,41.9,46.8,0
glades,160,26,18,7,31,0,11,13,13,10,9,21,6979,85.8,229.5,37,22,268611,68,28233.7,3,53.7,25236.1,1934.24,23342.74,1789.13,92.5,4107.92,314.86,16.3,11349.72,869.91,45.0,952.3,72.99,3.8,3880.77,297.45,15.4,764.95,58.63,3.0,340.14,26.07,1.3,1.29336,0.9526020000000001,12.9092,1.81965,0.803113,1.29576,0.195293,0.29936,0.912458,0.0,0.650614,0.652909,0.706134,0.284641,1.27894,0.592439,1.47201,0.510864,1.50488,0.388194,0.0,0.0,0.0,0.0,0.0,0.0,0.0,0.0,0.0,0.0,0.0,0.0,0.0,5.0,1.0,0.0,0.0,0.0,0.0,3.0,0.0,6.0,2.0,1.0,0.0,5.0,0.0,0.0,0.0,13.0,3.0,1.0,0.0,0.0,0.0,0.0,0.0,8.0,1.0,0.0,"1,127 ",928 ,170 ,29 ,97.4%,0,0,0,0,0,40.4,46.9,43.65,0
gulf,425,6,58,5,124,7,25,44,38,43,39,34,9110,79.0,160.1,25,132,653258,87,32742.0,22,386.0,33892.4,2038.27,34321.59,2064.08,101.3,6630.78,398.77,19.6,7719.17,464.23,22.8,2062.83,124.06,6.1,7948.66,478.03,23.5,2339.07,140.67,6.9,1280.92,77.03,3.8,1.01197,1.7810599999999999,3.0239599999999998,0.69106,1.7317200000000001,0.577026,0.21426199999999998,0.820624,1.23885,0.0,0.398226,0.0,0.8514700000000001,0.9306530000000001,2.0897099999999997,2.6625,0.909907,1.06378,1.22675,0.957676,0.0,0.0,0.0,0.0,0.0,0.0,0.0,0.0,0.0,0.0,0.0,0.0,0.0,3.0,0.0,0.0,0.0,1.0,3.0,0.0,0.0,6.0,2.0,1.0,0.0,3.0,3.0,0.0,0.0,16.0,7.0,1.0,0.0,0.0,0.0,0.0,0.0,10.0,4.0,0.0,30 ,17 ,13 ,0 ,100.0%,"7,801","4,160","1,039","2,602",66.6%,49.5,44.4,46.95,1
hamilton,214,23,15,6,57,1,11,15,25,15,16,27,5778,90.6,297.0,31,141,630089,61,7558.3,8,416.5,22139.3,1509.67,20715.43,1412.58,93.6,3116.62,212.52,14.1,7133.46,486.43,32.2,1212.6,82.69,5.5,5032.46,343.16,22.7,745.15,50.81,3.4,581.62,39.66,2.6,1.0673700000000002,0.655325,4.99025,0.23771799999999998,1.07166,1.3792799999999998,0.6356970000000001,0.986139,0.584435,0.0,0.856785,3.44138,0.5548850000000001,0.273472,2.07972,0.445404,0.798148,2.09465,0.336138,0.124048,0.0,0.0,0.0,0.0,0.0,1.0,0.0,0.0,0.0,0.0,0.0,0.0,0.0,2.0,1.0,0.0,0.0,1.0,1.0,1.0,0.0,1.0,1.0,1.0,0.0,5.0,1.0,0.0,0.0,8.0,5.0,1.0,0.0,0.0,0.0,0.0,0.0,5.0,3.0,0.0,250 ,185 ,61 ,4 ,98.4%,10,4,3,3,70.0%,44.8,40.7,42.75,0
hardee,557,120,34,15,119,4,33,60,48,47,37,38,9722,94.7,222.0,28,57,520814,19,703.4,25,3242.7,42513.5,1538.28,42405.94,1534.39,99.7,14599.33,528.25,34.3,13946.98,504.65,32.8,4129.2,149.41,9.7,4489.78,162.46,10.6,1098.47,39.75,2.6,1090.86,39.47,2.6,0.818072,1.38628,13.1932,0.598757,1.50072,0.890445,0.45731700000000003,0.6550630000000001,0.229386,0.0,0.48758999999999997,5.10251,0.909025,0.37334,1.2365,0.342724,0.9550209999999999,0.829958,2.61568,0.582298,0.0,0.0,0.0,3.0,0.0,0.0,0.0,0.0,0.0,0.0,0.0,0.0,0.0,4.0,0.0,0.0,0.0,0.0,0.0,4.0,0.0,3.0,1.0,0.0,1.0,4.0,0.0,0.0,0.0,9.0,4.0,0.0,1.0,0.0,0.0,0.0,0.0,5.0,2.0,0.0,"2,015 ","1,403 ",540 ,72 ,96.4%,0,0,0,0,0,41.7,31.3,36.5,1
hendry,867,123,95,33,182,7,53,117,59,72,67,53,14564,64.9,195.5,36,39,74834,21,56237.7,12,3454.9,70987.3,1850.07,71718.99,1869.14,101.0,11273.67,293.81,15.9,22078.57,575.41,31.1,3351.78,87.35,4.7,14671.61,382.37,20.7,753.37,19.63,1.1,925.57,24.12,1.3,0.7885310000000001,1.39352,18.4899,0.503366,1.46231,0.782429,0.37147800000000003,0.589973,0.271715,0.0,0.79267,1.17097,0.691624,0.354457,0.856509,0.578445,0.81245,0.733917,0.712932,1.02358,1.0,0.0,0.0,0.0,0.0,0.0,0.0,0.0,0.0,0.0,0.0,0.0,0.0,5.0,1.0,0.0,1.0,0.0,1.0,5.0,0.0,6.0,1.0,1.0,1.0,5.0,0.0,1.0,0.0,11.0,2.0,1.0,0.0,0.0,0.0,0.0,0.0,6.0,1.0,0.0,"3,652 ","2,805 ",692 ,155 ,95.8%,0,0,0,0,0,42.2,27.7,34.95,1
hernando,3664,36,504,112,708,44,334,682,526,338,285,55,84504,124.6,463.8,36,144,443969,217,68462.5,15,413.0,240858.7,1341.81,232861.62,1297.26,96.7,52927.3,294.85,22.0,83216.13,463.59,34.5,35498.45,197.76,14.7,28509.73,158.83,11.8,3031.37,16.89,1.3,5542.49,30.88,2.3,1.1428200000000002,1.22046,0.5425260000000001,1.0684799999999999,1.15665,0.8556600000000001,0.927398,1.15517,0.6811659999999999,0.134141,0.496364,0.16711099999999998,1.09445,0.6692819999999999,1.03911,1.06403,1.33695,1.12806,1.9987099999999998,0.875483,1.0,0.0,0.0,0.0,0.0,0.0,0.0,0.0,0.0,0.0,0.0,0.0,0.0,4.0,1.0,0.0,0.0,1.0,1.0,3.0,0.0,3.0,2.0,1.0,0.0,2.0,0.0,0.0,0.0,11.0,4.0,1.0,0.0,0.0,0.0,0.0,0.0,5.0,1.0,0.0,"2,955 ","1,483 ","1,395 ",77 ,97.4%,0,0,0,0,0,58.5,48.0,53.25,5
highlands,2302,178,262,69,497,21,203,316,317,200,171,60,55386,132.5,397.8,24,73,106905,3522,28024.1,35,1310.6,110103.7,1084.43,119697.12,1178.92,108.7,25914.0,255.23,23.5,52038.24,512.54,47.3,12069.01,118.87,11.0,14340.35,141.24,13.0,2913.81,28.7,2.6,3830.09,37.72,3.5,1.2082600000000001,1.24953,5.62207,0.906795,0.918522,0.983231,0.632588,1.149,0.5079020000000001,0.0,0.360111,0.085765,1.1188799999999999,0.47952700000000004,1.2581799999999999,0.913457,1.31061,0.795362,0.8723639999999999,0.74325,0.0,0.0,0.0,1.0,0.0,0.0,0.0,0.0,0.0,0.0,0.0,0.0,0.0,5.0,1.0,0.0,0.0,0.0,0.0,3.0,0.0,5.0,1.0,0.0,1.0,5.0,0.0,0.0,0.0,11.0,3.0,0.0,0.0,0.0,0.0,0.0,0.0,8.0,2.0,0.0,"17,090 ","12,312 ","4,231 ",547 ,96.8%,0,0,0,0,0,52.4,52.6,52.5,3
hillsborough,42270,294,4027,1166,8233,668,4818,10437,4923,3427,3319,265,536092,442.9,2001.8,517,171,1545610,84,19712.7,128,2002.4,2995344.1,2214.19,2957379.01,2186.12,98.7,596193.8,440.71,19.9,605754.38,447.78,20.2,364510.6,269.45,12.2,126352.43,93.4,4.2,62403.12,46.13,2.1,207930.26,153.7,6.9,1.0455299999999998,1.26986,1.50166,1.12694,1.05386,0.875555,1.54879,0.9864879999999999,1.0022799999999998,0.769406,0.547903,0.228917,0.932113,1.1142299999999998,0.7971189999999999,1.30856,1.07836,0.905653,0.9256059999999999,0.9612200000000001,3.0,1.0,0.0,2.0,0.0,2.0,0.0,2.0,0.0,0.0,0.0,0.0,0.0,4.0,1.0,0.0,1.0,0.0,1.0,4.0,0.0,4.0,4.0,1.0,1.0,5.0,0.0,0.0,0.0,11.0,2.0,1.0,0.0,0.0,0.0,0.0,0.0,5.0,1.0,0.0,"20,626 ","11,169 ","8,576 ",881 ,95.7%,0,0,0,0,0,44.1,34.6,39.35,19
holmes,333,17,59,10,81,2,22,29,30,23,25,35,8641,104.8,246.2,48,86,383097,12,282.8,26,405.1,18237.1,911.72,17969.96,898.36,98.5,2580.31,129.0,14.1,5857.2,292.82,32.1,304.26,15.21,1.7,6088.45,304.38,33.4,279.08,13.95,1.5,449.08,22.45,2.5,0.898941,1.25906,3.3398,0.07173289999999999,1.56964,0.9661370000000001,0.713925,0.813405,0.7348210000000001,0.0,0.680923,0.9990209999999999,0.761378,0.421778,2.4643900000000003,0.146622,1.2818100000000001,1.22301,1.19874,0.48373900000000003,0.0,0.0,0.0,0.0,0.0,0.0,0.0,0.0,0.0,0.0,0.0,0.0,0.0,2.0,1.0,0.0,0.0,1.0,3.0,0.0,0.0,3.0,2.0,0.0,0.0,3.0,3.0,0.0,0.0,12.0,7.0,0.0,0.0,0.0,0.0,0.0,0.0,6.0,4.0,0.0,22 ,12 ,10 ,0 ,100.0%,917,588,161,168,81.7%,47.7,42.1,44.90000000000001,1
indian river,5084,81,651,140,930,55,527,1063,590,391,552,56,76346,113.7,437.7,42,67,190343,123,18711.6,65,131.0,297700.2,2033.33,274122.79,1872.3,92.1,54836.5,374.54,18.4,81535.58,556.9,27.4,49148.82,335.69,16.5,30991.9,211.68,10.4,424.59,2.9,0.1,7868.39,53.74,2.6,0.945095,1.36342,1.6425400000000001,1.38024,1.26529,0.827886,0.76727,1.0555299999999999,0.636386,0.0,0.549582,0.366927,1.163,0.8561540000000001,0.8866200000000001,2.11343,1.2887600000000001,0.650045,0.802982,1.07647,0.0,0.0,0.0,0.0,0.0,0.0,0.0,0.0,0.0,0.0,0.0,0.0,0.0,7.0,0.0,0.0,0.0,0.0,0.0,4.0,0.0,6.0,0.0,0.0,0.0,5.0,0.0,0.0,0.0,13.0,1.0,0.0,0.0,0.0,0.0,0.0,0.0,9.0,0.0,0.0,"5,874 ","3,893 ","1,764 ",217 ,96.3%,0,0,0,0,0,49.5,51.8,50.65,4
jackson,914,36,87,23,242,13,76,95,99,101,64,73,21003,241.7,637.7,65,471,2396659,66,2563.7,162,6878.7,66169.2,1314.31,63412.19,1259.55,95.8,11425.13,226.94,17.3,13563.03,269.4,20.5,1607.47,31.93,2.4,17737.75,352.32,26.8,810.1,16.09,1.2,1206.56,23.97,1.8,1.33551,0.625814,2.61147,0.46829399999999993,0.79393,1.01914,0.5323760000000001,1.24496,0.6070439999999999,0.0,0.436737,0.243671,0.790605,0.240173,2.83537,0.794377,1.2821200000000001,0.997756,1.38975,0.812242,1.0,0.0,0.0,0.0,0.0,0.0,0.0,0.0,0.0,0.0,0.0,0.0,0.0,2.0,2.0,0.0,0.0,1.0,0.0,0.0,0.0,3.0,2.0,0.0,0.0,3.0,1.0,0.0,0.0,11.0,5.0,0.0,0.0,0.0,0.0,0.0,0.0,6.0,2.0,0.0,133 ,76 ,53 ,4 ,97.0%,"13,362","9,835",969,"2,558",80.9%,36.9,41.6,39.25,1
jefferson,310,26,36,4,68,2,76,95,99,101,64,73,6632,110.7,331.1,43,50,267007,62,46954.1,44,391.1,30243.4,2086.04,29903.86,2062.62,98.9,4731.06,326.33,15.6,8363.45,576.87,27.7,2218.01,152.99,7.3,1972.29,136.04,6.5,347.52,23.97,1.1,355.63,24.53,1.2,0.696315,1.31659,4.98689,0.803825,1.20792,0.9387639999999999,0.934591,1.2652,0.65678,0.0,0.28073200000000004,0.0350716,0.914549,0.654401,3.66353,0.488993,0.656989,0.399149,2.11579,0.038411900000000006,0.0,0.0,0.0,0.0,0.0,0.0,0.0,0.0,0.0,0.0,0.0,0.0,0.0,1.0,1.0,0.0,0.0,0.0,1.0,0.0,0.0,2.0,2.0,0.0,0.0,2.0,1.0,0.0,0.0,13.0,6.0,0.0,0.0,0.0,0.0,0.0,0.0,8.0,5.0,0.0,146 ,91 ,47 ,8 ,94.5%,174,103,44,27,84.5%,49.3,45.4,47.35,0
lafayette,127,20,10,8,29,2,6,10,12,7,4,19,3328,62.2,124.4,16,68,315813,7,2273.8,10,354.2,11974.6,1389.0,11517.18,1335.94,96.2,2130.93,247.18,17.8,2491.7,289.03,20.8,733.74,85.11,6.1,2452.02,284.42,20.5,100.03,11.6,0.8,131.63,15.27,1.1,0.580559,0.650514,7.545660000000001,0.30792800000000004,0.83542,1.6292200000000001,0.00842404,0.534082,0.07422039999999999,0.0,0.6604359999999999,2.7218,1.27639,0.382025,3.21902,1.37811,0.814294,1.60551,0.745096,0.872499,0.0,0.0,0.0,0.0,0.0,0.0,0.0,0.0,0.0,0.0,0.0,0.0,0.0,2.0,2.0,0.0,0.0,1.0,1.0,1.0,0.0,1.0,1.0,1.0,0.0,3.0,1.0,0.0,0.0,8.0,4.0,1.0,0.0,0.0,0.0,0.0,0.0,5.0,2.0,0.0,109 ,80 ,28 ,1 ,99.1%,0,0,0,0,0,36.7,38.5,37.6,0
lake,8180,152,1155,241,1687,89,847,1444,1071,694,613,104,144996,225.8,766.6,60,153,543605,208,55073.9,61,720.1,312260.1,963.81,324098.46,1000.35,103.8,70830.36,218.62,22.7,129270.32,399.0,41.4,21252.76,65.6,6.8,32973.28,101.77,10.6,7455.68,23.01,2.4,9945.01,30.7,3.2,1.24756,1.42163,1.2726,3.5558099999999997,1.6733900000000002,0.7418520000000001,0.7041689999999999,0.921741,0.876635,1.2284,0.398475,0.288219,1.2240799999999998,0.44222700000000004,0.908769,1.2282799999999998,1.28081,0.521994,1.06608,0.586145,1.0,0.0,0.0,2.0,0.0,0.0,0.0,0.0,0.0,0.0,0.0,0.0,0.0,5.0,2.0,0.0,0.0,1.0,0.0,5.0,0.0,4.0,3.0,1.0,0.0,3.0,0.0,0.0,0.0,9.0,4.0,1.0,0.0,0.0,0.0,0.0,0.0,6.0,2.0,0.0,"23,978 ","16,095 ","7,062 ",821 ,96.6%,0,0,0,0,0,48.5,46.5,47.5,5
lee,21983,113,3350,561,4225,269,2733,4618,1956,1974,1788,179,371099,171.9,764.7,107,125,903967,1397,43400.6,145,1478.2,1365129.4,2005.95,1334788.0,1961.37,97.8,237298.17,348.69,17.4,261504.53,384.26,19.2,213830.17,314.21,15.7,224926.79,330.51,16.5,27620.63,40.59,2.0,20818.66,30.59,1.5,1.24379,1.64412,0.774229,1.39218,1.82423,0.786462,0.7047899999999999,0.9627450000000001,0.9182790000000001,0.707079,0.33666799999999997,0.43609899999999996,1.0277,0.70934,0.8479969999999999,1.6961,1.2186299999999999,0.7614850000000001,0.583479,1.03341,1.0,0.0,0.0,1.0,0.0,0.0,0.0,0.0,0.0,0.0,0.0,0.0,0.0,5.0,1.0,0.0,1.0,1.0,0.0,5.0,0.0,7.0,1.0,0.0,2.0,6.0,0.0,1.0,0.0,12.0,3.0,0.0,0.0,1.0,0.0,0.0,0.0,6.0,2.0,0.0,"84,032 ","54,026 ","24,880 ","5,126 ",93.9%,0,0,0,0,0,46.8,48.6,47.7,7
leon,8653,34,743,128,1425,168,905,2214,906,837,959,255,124136,194.2,682.1,88,259,10136212,241,18153.3,367,2678.8,366955.7,1275.61,382240.59,1328.74,104.2,53527.54,186.07,14.6,104407.94,362.94,28.5,29137.55,101.29,7.9,26040.93,90.52,7.1,6073.6,21.11,1.7,9768.67,33.96,2.7,1.04164,1.02569,0.33824099999999996,0.997128,0.679443,1.58166,0.8335040000000001,0.9046620000000001,0.474181,0.0,0.168787,0.0,1.05306,1.1023,3.5525,1.15306,0.989142,0.43348400000000004,0.61397,0.410879,0.0,0.0,1.0,1.0,0.0,0.0,0.0,0.0,0.0,0.0,0.0,0.0,0.0,3.0,2.0,0.0,0.0,0.0,1.0,0.0,0.0,2.0,2.0,1.0,0.0,3.0,1.0,0.0,0.0,11.0,5.0,1.0,0.0,0.0,0.0,0.0,0.0,8.0,4.0,0.0,"1,162 ",658 ,469 ,35 ,97.0%,"9,319","5,562","2,525","1,232",86.8%,37.6,30.1,33.85,5
levy,941,69,143,40,205,6,69,96,84,89,77,51,20123,182.4,515.1,45,90,427581,295,93537.7,40,245.9,42984.5,1059.96,43667.76,1076.81,101.6,8165.97,201.37,19.0,20355.54,501.95,47.4,3239.81,79.89,7.5,6067.38,149.62,14.1,794.94,19.6,1.8,1908.95,47.07,4.4,0.8503629999999999,1.14901,4.55311,0.702412,1.6011600000000001,0.795854,0.662335,1.0122,0.396077,0.974982,0.459794,0.0944709,1.29702,0.465395,1.5765200000000001,1.2147299999999999,1.20485,0.9474950000000001,2.02124,0.770842,0.0,0.0,0.0,0.0,0.0,0.0,0.0,0.0,0.0,0.0,0.0,0.0,0.0,5.0,1.0,0.0,1.0,1.0,1.0,1.0,0.0,4.0,2.0,1.0,1.0,4.0,1.0,0.0,0.0,11.0,4.0,1.0,0.0,0.0,0.0,0.0,0.0,7.0,3.0,0.0,585 ,395 ,177 ,13 ,97.8%,0,0,0,0,0,46.9,46.6,46.75,1
liberty,120,17,13,5,21,2,2,4,21,4,6,24,3357,70.1,142.9,17,82,351604,28,37124.8,4,288.5,12854.5,1471.44,11894.92,1361.6,92.5,2241.89,256.63,17.4,3080.16,352.58,24.0,1076.1,123.18,8.4,3435.84,393.3,26.7,277.98,31.82,2.2,267.06,30.57,2.1,0.487857,0.8630700000000001,4.8097,0.0167281,1.46185,1.20838,0.560145,0.9103899999999999,0.20563299999999998,0.0,0.32950100000000004,2.1458,0.758839,0.203132,3.84406,1.1587399999999999,0.670209,0.165716,6.45107,2.28302,1.0,0.0,0.0,0.0,0.0,0.0,0.0,0.0,0.0,0.0,0.0,0.0,0.0,2.0,2.0,0.0,0.0,1.0,1.0,0.0,0.0,2.0,4.0,0.0,0.0,3.0,1.0,0.0,0.0,13.0,7.0,0.0,0.0,0.0,0.0,0.0,0.0,7.0,4.0,0.0,12 ,7 ,4 ,1 ,91.7%,"1,106",840,94,172,84.4%,39.9,36.7,38.3,0
madison,369,24,36,12,93,3,24,30,57,26,28,33,8481,138.5,360.7,43,62,338622,24,1080.0,6,114.7,43113.8,2241.07,42902.57,2230.09,99.5,5610.13,291.62,13.0,9052.12,470.53,21.0,2293.64,119.22,5.3,7033.42,365.6,16.3,436.16,22.67,1.0,545.64,28.36,1.3,0.910041,0.9804360000000001,2.9047,0.244196,1.05059,1.2162899999999999,0.631725,0.9885940000000001,0.203247,0.0,0.9466530000000001,0.0,0.736032,0.473083,2.58682,0.251301,1.0521399999999999,1.01857,1.68725,0.943457,0.0,0.0,0.0,0.0,0.0,0.0,0.0,0.0,0.0,0.0,0.0,0.0,0.0,1.0,2.0,0.0,0.0,1.0,1.0,0.0,0.0,1.0,1.0,0.0,0.0,2.0,1.0,0.0,0.0,9.0,4.0,0.0,0.0,0.0,0.0,0.0,0.0,6.0,3.0,0.0,227 ,156 ,68 ,3 ,98.7%,46,24,11,11,76.1%,42.3,41.6,41.95,1
manatee,10893,104,1490,404,2089,163,1211,2243,1097,955,915,102,172690,209.8,729.1,107,84,308340,94,15806.6,78,49.6,888359.0,2484.29,782312.0,2187.73,88.1,160523.0,448.9,18.1,159410.0,445.79,17.9,161643.0,452.03,18.2,91026.0,254.55,10.2,16171.0,45.22,1.8,31198.0,87.24,3.5,1.21187,1.13583,0.954084,1.22197,1.3809,0.82852,0.761771,0.9258540000000001,0.9596680000000001,1.1030200000000001,0.770753,0.139442,0.9411510000000001,0.819851,0.45757299999999995,1.6532200000000001,1.4313799999999999,0.9744149999999999,0.580955,0.783399,1.0,0.0,0.0,1.0,0.0,0.0,1.0,1.0,0.0,0.0,0.0,0.0,0.0,6.0,1.0,0.0,1.0,0.0,0.0,4.0,0.0,6.0,2.0,1.0,2.0,4.0,2.0,0.0,0.0,12.0,5.0,1.0,1.0,0.0,0.0,0.0,0.0,6.0,3.0,0.0,"8,872 ","5,244 ","3,374 ",254 ,97.1%,0,0,0,0,0,47.6,47.7,47.65000000000001,5
marion,8348,276,1082,264,1827,79,826,1432,997,730,649,100,164050,249.1,934.7,42,374,1596899,144,51885.6,83,2977.0,427462.9,1236.34,413769.64,1196.73,96.8,73434.98,212.39,17.2,139749.51,404.19,32.7,32927.04,95.23,7.7,44159.22,127.72,10.3,3564.8,10.31,0.8,14436.26,41.75,3.4,1.02288,1.43767,3.6266599999999998,0.827692,1.31807,0.747434,0.583928,1.05241,0.6768890000000001,0.778159,0.705622,0.05810359999999999,1.14239,0.43754899999999997,1.11206,1.05457,1.58331,0.6263880000000001,0.47353500000000004,0.926393,1.0,0.0,0.0,0.0,0.0,0.0,0.0,0.0,0.0,0.0,0.0,0.0,0.0,4.0,1.0,0.0,0.0,1.0,0.0,3.0,0.0,4.0,2.0,1.0,0.0,4.0,0.0,0.0,0.0,9.0,3.0,1.0,0.0,0.0,0.0,0.0,0.0,6.0,1.0,0.0,"10,016 ","5,770 ","3,974 ",272 ,97.3%,0,0,0,0,0,55.0,47.4,51.2,7
martin,6322,69,776,251,1210,61,621,1352,623,555,669,52,78131,159.9,579.8,74,155,680854,135,28975.9,66,644.0,387255.0,2566.81,365600.09,2423.28,94.4,97959.55,649.3,25.3,113974.21,755.45,29.4,71029.73,470.8,18.3,31816.35,210.89,8.2,3132.54,20.76,0.8,6974.05,46.23,1.8,1.08036,1.39301,1.1840000000000002,1.60425,1.41044,0.740051,0.856608,1.05136,0.892589,0.242681,0.535816,0.15465299999999998,1.2073399999999999,1.0837299999999999,0.749472,1.8965299999999998,0.98213,0.637267,2.4266900000000002,0.986583,0.0,1.0,0.0,1.0,0.0,0.0,0.0,0.0,0.0,0.0,0.0,0.0,0.0,5.0,1.0,0.0,0.0,0.0,1.0,3.0,0.0,6.0,1.0,1.0,0.0,6.0,1.0,0.0,0.0,16.0,2.0,1.0,0.0,0.0,0.0,0.0,0.0,10.0,1.0,0.0,"4,220 ","2,700 ","1,274 ",246 ,94.2%,0,0,0,0,0,45.8,51.9,48.85,4
miami-dade,98180,475,6589,2870,25213,1512,10618,22084,10654,7356,8367,343,989435,580.9,2737.2,695,371,4159975,585,144739.1,144,3713.3,11103483.0,4111.19,10696154.09,3960.37,96.3,2214837.33,820.07,19.9,1429644.06,529.34,12.9,917889.32,339.86,8.3,1578735.56,584.54,14.2,437881.77,162.13,3.9,2056986.05,761.62,18.5,1.20725,1.26657,0.855302,0.9595809999999999,1.28544,0.778172,0.901752,0.900378,0.8471719999999999,0.46045600000000003,0.470164,0.12796300000000002,1.24535,0.887459,0.769257,1.50039,1.07911,1.68753,0.99815,1.31847,0.0,0.0,0.0,0.0,0.0,0.0,0.0,0.0,0.0,0.0,0.0,0.0,0.0,3.0,1.0,0.0,0.0,0.0,0.0,0.0,0.0,2.0,1.0,0.0,0.0,0.0,0.0,0.0,0.0,10.0,1.0,0.0,0.0,0.0,0.0,0.0,0.0,6.0,1.0,0.0,"128,661 ","65,631 ","39,864 ","23,166 ",82.0%,0,0,0,0,0,49.6,24.8,37.2,35
monroe,4494,44,544,85,939,57,517,803,275,720,380,89,52764,119.2,300.9,58,131,368098,2062,68032.0,108,561.5,428503.6,5634.72,421662.55,5544.76,98.4,56892.96,748.13,13.3,108409.72,1425.56,25.3,67128.13,882.72,15.7,25554.64,336.04,6.0,35331.69,464.6,8.2,30166.8,396.69,7.0,2.8923,0.9836370000000001,1.35063,1.89107,1.15691,0.576325,0.57892,0.625323,0.672764,0.6166229999999999,0.23400300000000002,0.256062,0.8938879999999999,0.767658,1.35495,2.3074,1.08595,0.968983,1.80223,0.644101,0.0,0.0,0.0,0.0,0.0,0.0,2.0,0.0,0.0,0.0,0.0,0.0,0.0,3.0,0.0,0.0,1.0,0.0,0.0,3.0,0.0,6.0,3.0,1.0,1.0,4.0,0.0,0.0,1.0,19.0,4.0,1.0,0.0,0.0,0.0,0.0,0.0,10.0,3.0,0.0,"30,896 ","18,174 ","10,411 ","2,311 ",92.5%,0,0,0,0,0,45.5,47.1,46.3,4
nassau,2166,36,296,46,438,26,203,423,202,234,193,45,35009,111.5,403.9,65,61,132316,95,25294.0,118,9142.7,120258.6,1544.93,114411.36,1469.81,95.1,22278.15,286.2,18.5,42981.44,552.17,35.7,4073.7,52.33,3.4,8217.72,105.57,6.8,4532.56,58.23,3.8,3712.83,47.7,3.1,1.24911,1.15615,0.514876,1.1993200000000002,1.31492,0.6791659999999999,0.8567620000000001,0.967834,0.9199959999999999,0.8088069999999999,0.759202,0.26577399999999995,1.01034,0.7950229999999999,1.1518899999999999,1.30964,1.0489899999999999,1.50948,1.83211,0.835199,2.0,0.0,0.0,1.0,0.0,0.0,0.0,0.0,0.0,0.0,0.0,0.0,0.0,4.0,2.0,0.0,0.0,1.0,1.0,1.0,0.0,2.0,4.0,1.0,0.0,4.0,1.0,0.0,0.0,10.0,5.0,1.0,0.0,0.0,0.0,0.0,0.0,6.0,2.0,0.0,"4,122 ","2,813 ","1,159 ",150 ,96.4%,0,0,0,0,0,48.9,44.4,46.65,1
okaloosa,6373,21,761,159,1220,69,704,1324,667,750,492,142,92407,215.5,705.4,85,87,420233,169,62924.0,65,214.9,265033.9,1373.77,233687.56,1211.29,88.2,59252.49,307.13,22.4,67737.52,351.11,25.6,35750.51,185.31,13.5,32073.83,166.25,12.1,9174.47,47.55,3.5,4783.44,24.79,1.8,1.60102,1.07918,0.32545799999999997,1.06541,1.13973,0.68095,0.727122,0.732487,0.44698000000000004,0.47779099999999997,0.49449099999999996,0.18253699999999998,1.2643799999999998,1.11427,2.33052,1.88789,1.13662,0.856101,1.15242,0.520233,0.0,0.0,0.0,0.0,0.0,0.0,0.0,0.0,0.0,0.0,0.0,0.0,0.0,2.0,2.0,0.0,0.0,1.0,3.0,0.0,0.0,6.0,2.0,0.0,0.0,1.0,4.0,0.0,0.0,17.0,6.0,0.0,0.0,0.0,0.0,0.0,0.0,8.0,3.0,0.0,266 ,165 ,93 ,8 ,97.0%,0,0,0,0,0,45.1,35.8,40.45,6
okeechobee,986,95,149,27,202,10,58,138,103,88,72,37,18509,103.6,241.9,37,160,746219,27,47439.8,87,1698.8,49990.7,1225.08,47125.8,1154.87,94.3,8195.96,200.85,16.4,21806.26,534.39,43.6,2882.07,70.63,5.8,6126.68,150.14,12.3,625.6,15.33,1.3,2103.73,51.55,4.2,1.03152,1.33921,8.47697,0.9795729999999999,1.4763700000000002,0.9856659999999999,0.528846,0.717137,0.378929,0.0,0.366752,0.125529,1.3289600000000001,0.280194,0.979533,0.501728,1.29043,0.951833,2.67693,0.967893,0.0,0.0,0.0,0.0,0.0,0.0,0.0,0.0,0.0,0.0,0.0,0.0,0.0,6.0,1.0,0.0,1.0,0.0,0.0,3.0,0.0,6.0,2.0,0.0,1.0,5.0,0.0,0.0,0.0,10.0,3.0,0.0,0.0,0.0,0.0,0.0,0.0,7.0,1.0,0.0,"3,837 ","3,040 ",681 ,116 ,97.0%,0,0,0,0,0,42.9,39.5,41.2,1
orange,42190,180,4080,1107,8557,796,4710,10366,4186,4148,3153,228,487839,399.5,1977.5,586,206,2088154,166,49274.2,96,2617.8,2780423.5,2171.55,2614386.18,2041.87,94.0,286618.98,223.85,10.3,569874.41,445.08,20.5,323734.3,252.84,11.6,205491.37,160.49,7.4,283309.65,221.27,10.2,170148.05,132.89,6.1,1.65965,1.49305,0.509908,3.2648200000000003,0.9931260000000001,0.8627459999999999,0.703118,0.778014,0.724772,1.01006,0.46570100000000003,0.0501819,0.8810049999999999,0.9761770000000001,0.584443,1.8253700000000002,1.00727,1.1655200000000001,0.794719,0.9752930000000001,1.0,1.0,0.0,3.0,0.0,0.0,0.0,2.0,0.0,0.0,0.0,0.0,0.0,5.0,1.0,0.0,0.0,1.0,0.0,5.0,0.0,5.0,2.0,0.0,0.0,5.0,1.0,0.0,0.0,9.0,2.0,0.0,0.0,0.0,0.0,0.0,0.0,7.0,1.0,0.0,"75,003 ","48,116 ","22,901 ","3,986 ",94.7%,0,0,0,0,0,42.8,31.2,37.0,17
osceola,6983,44,851,134,1447,82,794,1272,835,793,545,56,128170,202.7,748.4,143,44,141259,159,79678.8,54,434.6,675261.3,2091.49,654378.54,2026.81,96.9,172012.72,532.77,25.5,183505.52,568.37,27.2,19059.79,59.03,2.8,56466.46,174.89,8.4,81336.58,251.92,12.0,12654.06,39.19,1.9,1.74095,1.48543,0.32666100000000003,4.32514,0.89869,0.719592,0.41459799999999997,0.6966289999999999,0.753496,2.39831,0.22214499999999998,0.208274,1.0968,0.46950699999999995,0.6321859999999999,1.36247,1.35351,1.6596099999999998,1.1413200000000001,1.24224,0.0,0.0,0.0,3.0,0.0,0.0,0.0,1.0,0.0,0.0,0.0,0.0,0.0,5.0,0.0,0.0,0.0,1.0,0.0,4.0,0.0,5.0,1.0,0.0,0.0,5.0,0.0,0.0,0.0,10.0,3.0,0.0,0.0,0.0,0.0,0.0,0.0,8.0,1.0,0.0,"28,966 ","19,616 ","7,549 ","1,801 ",93.8%,0,0,0,0,0,50.6,32.9,41.75,6
palm beach,56336,440,5266,1372,9699,837,6607,14602,6741,4123,5616,269,664594,476.6,2282.1,280,141,1500545,1286,210014.2,178,24711.4,3066328.5,2203.23,2922522.59,2099.9,95.3,626350.34,450.05,20.4,851707.31,611.97,27.8,432603.44,310.84,14.1,238547.38,171.4,7.8,85695.68,61.57,2.8,82454.15,59.25,2.7,1.15236,1.6742700000000001,0.713061,1.4137,1.27251,0.79018,0.770713,0.949543,0.872735,0.7869510000000001,0.422785,0.0578255,1.29748,1.02873,0.827535,1.82885,1.1405100000000001,0.814126,1.41735,0.789887,3.0,0.0,0.0,3.0,0.0,0.0,0.0,0.0,0.0,0.0,0.0,0.0,0.0,5.0,0.0,0.0,0.0,0.0,1.0,5.0,0.0,6.0,1.0,0.0,0.0,3.0,1.0,1.0,1.0,16.0,2.0,0.0,0.0,0.0,0.0,0.0,0.0,10.0,1.0,0.0,"45,405 ","25,586 ","16,113 ","3,706 ",91.8%,0,0,0,0,0,46.6,43.5,45.05,20
pasco,10872,100,1407,321,2235,107,1066,2218,1410,929,848,83,228928,198.6,840.6,78,50,375979,47,9669.6,61,208.7,797353.8,1608.0,696589.98,1404.79,87.4,154065.55,310.7,19.3,199884.49,403.1,25.1,175563.78,354.05,22.0,51832.01,104.53,6.5,12900.03,26.02,1.6,14984.46,30.22,1.9,0.948209,1.4431399999999999,0.626798,0.9536389999999999,1.56806,0.829139,1.0784,1.11376,0.48186599999999996,1.5613,0.49763500000000005,0.26269699999999996,1.03376,0.8848659999999999,0.753142,0.781466,1.33043,0.799081,1.57887,0.9686969999999999,1.0,0.0,0.0,3.0,0.0,0.0,0.0,0.0,0.0,0.0,0.0,0.0,0.0,6.0,1.0,0.0,1.0,1.0,1.0,5.0,0.0,5.0,2.0,1.0,1.0,2.0,0.0,0.0,0.0,11.0,4.0,1.0,0.0,0.0,0.0,0.0,0.0,6.0,1.0,0.0,"9,142 ","4,766 ","4,094 ",282 ,96.9%,0,0,0,0,0,52.2,43.8,48.0,10
pinellas,32960,50,3049,1328,6034,502,3925,7756,3929,3033,2755,183,503634,221.3,1076.0,186,102,721303,135,8484.8,316,359.5,1460857.3,1530.38,1337168.24,1400.81,91.5,265132.71,277.75,18.1,494525.17,518.06,33.9,251208.73,263.16,17.2,75511.55,79.11,5.2,70349.71,73.7,4.8,67091.12,70.28,4.6,1.12456,1.2150299999999998,0.247218,1.17192,0.8174859999999999,0.684446,1.42832,1.17402,0.8077840000000001,2.1499099999999998,0.7649520000000001,0.142456,0.974937,1.11782,0.885827,1.32146,1.14733,0.729352,0.68662,0.801625,1.0,0.0,0.0,2.0,0.0,0.0,1.0,1.0,0.0,0.0,0.0,0.0,0.0,4.0,1.0,0.0,1.0,0.0,0.0,3.0,0.0,4.0,4.0,1.0,1.0,5.0,0.0,0.0,0.0,12.0,3.0,1.0,0.0,0.0,0.0,0.0,0.0,5.0,1.0,0.0,"25,839 ","14,533 ","10,437 ",869 ,96.6%,0,0,0,0,0,51.6,47.2,49.40000000000001,17
polk,13250,279,1614,538,3145,126,1363,2346,1370,1130,1037,158,281214,462.2,1669.3,194,410,2430711,322,76201.2,133,1672.5,787959.1,1217.89,752137.16,1162.52,95.5,173590.49,268.31,22.0,237383.28,366.9,30.1,84567.56,130.71,10.7,81045.01,125.26,10.3,17290.02,26.72,2.2,62715.55,96.93,8.0,1.24476,1.49952,1.78653,2.45712,1.17939,0.821051,0.882948,0.703108,0.605694,0.0,0.693613,0.315915,0.8210209999999999,0.556304,0.899144,1.28446,1.49214,1.0173,0.793848,0.904164,1.0,0.0,0.0,11.0,0.0,3.0,1.0,5.0,0.0,0.0,0.0,0.0,0.0,5.0,2.0,0.0,0.0,0.0,0.0,5.0,0.0,5.0,3.0,1.0,0.0,7.0,0.0,0.0,0.0,9.0,2.0,1.0,0.0,1.0,0.0,0.0,0.0,7.0,2.0,0.0,"53,856 ","37,562 ","14,442 ","1,852 ",96.6%,0,0,0,0,0,44.8,39.1,41.95,6
putnam,1443,48,184,48,317,14,104,191,190,143,122,67,37337,140.7,377.2,28,115,288379,243,63203.6,90,422.9,117127.7,1605.1,35918.45,1443.2,97.5,12452.79,500.35,33.8,7804.46,313.58,21.2,429.25,17.25,1.2,9110.08,366.04,24.7,1194.64,48.0,3.2,635.5,25.53,1.7,1.07149,1.2300799999999998,3.66086,0.522696,1.45394,0.965317,0.548248,0.9415889999999999,0.584809,0.0,0.852542,0.156243,0.9379620000000001,0.535447,1.1203,1.13237,1.3429799999999998,0.653295,1.76794,0.571407,1.0,1.0,0.0,0.0,0.0,0.0,0.0,0.0,0.0,0.0,0.0,0.0,0.0,4.0,0.0,0.0,0.0,1.0,0.0,2.0,0.0,3.0,2.0,1.0,1.0,4.0,0.0,0.0,0.0,9.0,5.0,1.0,0.0,0.0,0.0,0.0,0.0,5.0,3.0,0.0,"3,082 ","2,040 ",981 ,61 ,98.0%,0,0,0,0,0,42.4,44.8,43.6,1
st johns,7274,59,732,157,1354,113,867,1744,760,750,591,61,64760,196.2,565.0,56,203,1394712,318,150361.5,74,1020.8,155793.9,932.85,162725.36,2585.28,98.8,27946.65,444.0,17.0,45020.47,715.26,27.3,10324.79,164.03,6.3,22515.34,357.71,13.7,34493.44,548.01,20.9,2221.1,35.29,1.3,1.0732700000000002,1.03235,0.323808,1.7440900000000001,0.813591,0.9161940000000001,1.9847400000000002,0.84945,0.774231,1.7166599999999999,0.6092420000000001,0.112022,0.9192629999999999,1.26665,1.0299399999999999,1.6754900000000001,1.07198,0.8255610000000001,0.670329,1.12802,0.0,0.0,0.0,0.0,0.0,0.0,0.0,0.0,0.0,0.0,0.0,0.0,0.0,6.0,0.0,0.0,0.0,1.0,0.0,2.0,0.0,5.0,1.0,0.0,1.0,1.0,0.0,0.0,0.0,11.0,2.0,0.0,1.0,0.0,0.0,0.0,0.0,7.0,1.0,0.0,"11,168 ","7,048 ","3,657 ",463 ,95.9%,0,0,0,0,0,46.7,42.5,44.6,1
st lucie,6425,84,977,196,1249,55,570,1189,833,529,551,97,228413,159.0,666.9,119,99,183075,69,29065.2,119,118.1,950202.8,2378.25,51114.07,1617.59,97.6,6037.33,191.06,11.5,15980.68,505.73,30.5,4510.21,142.73,8.6,3078.81,97.43,5.9,453.12,14.34,0.9,850.1,26.9,1.6,0.9196120000000001,1.93665,1.73987,0.812786,1.52062,0.6356109999999999,0.587444,1.07935,1.23512,0.438854,0.568484,0.0,0.891885,0.441082,1.0495299999999999,0.99765,1.52973,1.0381799999999999,1.13629,0.785775,0.0,0.0,0.0,1.0,1.0,0.0,0.0,0.0,0.0,0.0,0.0,0.0,0.0,5.0,1.0,0.0,0.0,0.0,0.0,4.0,0.0,6.0,1.0,0.0,0.0,4.0,1.0,0.0,0.0,15.0,2.0,0.0,0.0,0.0,0.0,0.0,0.0,10.0,1.0,0.0,"13,060 ","8,196 ","4,150 ",714 ,94.5%,0,0,0,0,0,51.8,42.3,47.05,4
santa rosa,3399,57,524,89,621,24,369,672,353,294,272,74,181307,117.9,509.5,94,24,97142,78,11286.5,79,50.3,510093.7,1135.75,682782.18,1319.61,95.9,139221.58,269.07,19.5,174314.46,336.9,24.5,41452.07,80.11,5.8,93123.77,179.98,13.1,35234.12,68.1,4.9,20539.28,39.7,2.9,1.07121,1.05545,0.78672,0.567112,1.20287,0.8515870000000001,0.8808299999999999,1.01642,0.664425,0.0,0.5553710000000001,0.81213,1.19336,0.9853270000000001,1.83329,1.1656,1.15047,1.06932,1.35758,0.6115520000000001,0.0,0.0,0.0,2.0,0.0,0.0,0.0,0.0,0.0,0.0,0.0,0.0,0.0,2.0,2.0,0.0,0.0,0.0,3.0,0.0,0.0,6.0,2.0,0.0,0.0,1.0,4.0,0.0,0.0,17.0,6.0,0.0,0.0,0.0,0.0,0.0,0.0,8.0,3.0,0.0,472 ,325 ,138 ,9 ,98.1%,0,0,0,0,0,49.5,38.5,44.0,4
sarasota,15916,58,2138,443,2746,190,1937,3716,1840,1203,1368,99,89830,185.8,671.8,71,138,1293774,137,51982.0,304,2704.4,438127.1,1989.16,12884.01,810.98,94.9,2224.86,140.04,16.4,4435.24,279.17,32.7,1032.82,65.01,7.6,1981.18,124.7,14.6,583.08,36.7,4.3,283.9,17.87,2.1,1.1242299999999998,1.0789600000000001,1.36629,1.42317,1.5561,0.724059,0.698425,1.15306,1.1123399999999999,0.233977,0.535944,0.0682326,1.1768399999999999,0.818052,0.988558,1.6571900000000002,1.16972,0.7448739999999999,0.696336,0.60245,1.0,0.0,0.0,0.0,0.0,0.0,0.0,0.0,0.0,0.0,0.0,0.0,0.0,4.0,1.0,0.0,1.0,0.0,0.0,3.0,0.0,4.0,2.0,1.0,2.0,5.0,2.0,0.0,0.0,12.0,5.0,1.0,1.0,0.0,0.0,0.0,0.0,7.0,3.0,0.0,"11,994 ","6,317 ","5,208 ",469 ,96.1%,0,0,0,0,0,54.2,55.7,54.95,7
seminole,14911,48,1723,503,2933,254,1667,3650,1613,1115,1168,80,137029,166.4,689.5,84,97,550029,317,9389.0,130,1592.2,349727.5,1194.32,37044.55,1648.04,97.8,4929.98,219.32,13.0,8660.78,385.3,22.9,1511.28,67.23,4.0,5652.64,251.47,14.9,1683.13,74.88,4.4,1888.65,84.02,5.0,1.00629,1.22143,0.445117,1.26547,1.20656,0.9073690000000001,1.0754,0.995566,1.5038200000000002,2.08643,0.708104,0.06604750000000001,0.9185709999999999,1.36438,0.614734,1.17492,1.02138,0.9032030000000001,0.6668,0.760905,0.0,0.0,0.0,0.0,0.0,0.0,0.0,1.0,0.0,0.0,0.0,0.0,0.0,6.0,2.0,0.0,0.0,1.0,0.0,5.0,0.0,5.0,3.0,0.0,0.0,4.0,0.0,0.0,0.0,9.0,4.0,0.0,0.0,0.0,0.0,0.0,0.0,7.0,2.0,0.0,"24,682 ","15,256 ","8,383 ","1,043 ",95.8%,0,0,0,0,0,47.5,37.5,42.5,5
sumter,1846,37,211,53,364,12,253,308,231,191,119,50,53026,132.2,417.0,47,113,667084,112,59558.4,21,546.3,136644.6,1152.37,66569.86,1501.05,95.0,8924.89,201.24,12.7,14575.39,328.65,20.8,3520.07,79.37,5.0,14089.99,317.71,20.1,2879.8,64.93,4.1,1104.82,24.91,1.6,1.04475,1.13242,1.0278200000000002,1.7346599999999999,1.13151,0.6724479999999999,0.683975,1.09602,0.758357,0.30028499999999997,0.45582,0.370975,1.01747,0.7223930000000001,1.23043,1.4965,1.42087,0.968591,1.57671,1.35595,0.0,0.0,0.0,0.0,0.0,0.0,0.0,0.0,0.0,0.0,0.0,0.0,0.0,3.0,1.0,0.0,0.0,1.0,0.0,3.0,0.0,3.0,2.0,1.0,0.0,2.0,0.0,0.0,0.0,8.0,3.0,1.0,0.0,0.0,0.0,0.0,0.0,5.0,1.0,0.0,"5,260 ","3,094 ","2,080 ",86 ,98.4%,0,0,0,0,0,67.0,65.9,66.45,2
suwannee,802,69,100,22,231,7,46,92,66,60,60,43,19164,128.8,332.3,26,137,638453,26,2849.7,59,830.9,70063.2,1579.81,140637.45,1186.04,102.9,29444.44,248.31,21.5,53442.94,450.7,39.1,1791.77,15.11,1.3,21439.75,180.81,15.7,1248.98,10.53,0.9,3275.31,27.62,2.4,0.979966,0.9499850000000001,4.44482,0.572346,1.1799,0.632659,0.5403899999999999,0.955393,0.636389,1.30544,0.611118,0.642996,1.26796,0.38601399999999997,2.10495,0.898144,1.34274,1.17267,1.27922,0.868175,0.0,0.0,0.0,1.0,0.0,0.0,0.0,0.0,0.0,0.0,0.0,0.0,0.0,3.0,2.0,0.0,0.0,1.0,1.0,1.0,0.0,3.0,1.0,1.0,0.0,4.0,1.0,0.0,0.0,11.0,5.0,1.0,0.0,0.0,0.0,0.0,0.0,6.0,3.0,0.0,875 ,609 ,240 ,26 ,97.0%,19,12,6,1,94.7%,43.2,41.8,42.5,1
taylor,435,20,32,23,135,5,18,45,39,50,34,30,11004,110.4,318.3,47,113,626908,162,76183.2,8,1081.6,37881.0,1685.25,348690.58,1190.78,99.7,74054.34,252.9,21.2,89423.71,305.38,25.6,34784.98,118.79,9.9,28223.48,96.38,8.1,6837.47,23.35,2.0,11042.07,37.71,3.2,1.35659,0.68412,2.26235,0.142368,0.760749,1.27872,0.40930500000000003,0.9702780000000001,0.0,0.0,1.41841,0.0,0.874966,0.504575,2.3414599999999997,1.56522,1.14541,0.205817,0.0,0.405225,1.0,0.0,0.0,0.0,0.0,0.0,0.0,1.0,0.0,0.0,0.0,0.0,0.0,5.0,2.0,0.0,0.0,1.0,0.0,0.0,0.0,5.0,3.0,1.0,0.0,2.0,0.0,0.0,0.0,12.0,5.0,1.0,0.0,0.0,0.0,0.0,0.0,8.0,2.0,0.0,131 ,79 ,45 ,7 ,94.7%,49,31,13,5,89.8%,57.9,40.7,49.3,1
union,203,9,36,7,46,1,11,25,24,11,8,24,4508,57.6,115.2,12,313,1782359,11,347.0,34,7219.5,13574.9,854.47,389871.59,1770.08,89.0,59969.34,272.27,13.7,121599.1,552.08,27.8,65716.13,298.36,15.0,38776.54,176.05,8.9,5463.32,24.8,1.2,12336.69,56.01,2.8,0.459658,0.9650690000000001,3.4228099999999997,0.690597,0.665687,0.834615,0.8492149999999999,0.9123879999999999,0.20383800000000002,0.0,0.581303,0.0,0.95885,0.400225,4.21379,0.770918,1.14488,1.78815,0.0,0.723565,0.0,0.0,0.0,0.0,0.0,0.0,0.0,0.0,0.0,0.0,0.0,0.0,0.0,3.0,1.0,0.0,0.0,1.0,0.0,1.0,0.0,2.0,2.0,0.0,0.0,5.0,0.0,0.0,0.0,8.0,4.0,0.0,0.0,0.0,0.0,0.0,0.0,5.0,2.0,0.0,296 ,208 ,86 ,2 ,99.3%,0,0,0,0,0,51.8,39.2,45.5,3
volusia,14295,125,1905,468,2875,145,1429,2678,1632,1475,1279,128,254226,359.6,1395.1,152,189,1442095,204,62951.5,221,1679.9,712331.2,1376.72,516631.27,1150.31,101.3,83832.62,186.66,16.4,186767.02,415.85,36.6,71067.84,158.24,13.9,76668.2,170.71,15.0,12480.99,27.79,2.4,18920.35,42.13,3.7,1.22304,1.21823,0.5946,1.1158,1.31272,0.8378209999999999,0.753404,1.04932,0.76993,0.662479,0.587152,0.283625,0.867282,0.773279,1.11723,1.30585,1.2487700000000002,1.06915,1.24629,0.986711,0.0,0.0,0.0,1.0,0.0,0.0,2.0,1.0,0.0,0.0,0.0,0.0,0.0,6.0,4.0,0.0,0.0,1.0,0.0,3.0,0.0,5.0,7.0,1.0,0.0,3.0,0.0,0.0,0.0,12.0,5.0,1.0,0.0,0.0,0.0,0.0,0.0,8.0,4.0,0.0,"27,297 ","18,064 ","8,029 ","1,204 ",95.6%,0,0,0,0,0,51.1,46.2,48.65000000000001,9
wakulla,536,12,103,14,107,3,31,76,46,54,53,32,12804,80.9,162.5,12,120,722436,41,12047.4,36,552.5,52356.8,1656.91,944073.37,2362.91,99.4,134103.24,335.65,14.1,218013.99,545.67,22.9,181485.74,454.24,19.1,84250.59,210.87,8.9,11045.99,27.65,1.2,20529.02,51.38,2.2,0.632242,1.41354,0.527844,0.6977770000000001,1.27186,1.05567,0.8456610000000001,0.76822,0.6373270000000001,0.0,0.489071,0.27715100000000004,0.859872,0.6447729999999999,3.9980900000000004,1.12414,0.881251,0.743758,3.17254,0.9189219999999999,0.0,0.0,0.0,1.0,0.0,0.0,0.0,0.0,0.0,0.0,0.0,0.0,0.0,4.0,3.0,0.0,1.0,0.0,2.0,0.0,0.0,6.0,2.0,1.0,1.0,3.0,2.0,0.0,0.0,14.0,6.0,1.0,0.0,0.0,0.0,0.0,0.0,9.0,5.0,0.0,105 ,60 ,36 ,9 ,91.4%,"1,313",774,349,190,85.5%,51.9,40.1,46.0,0
walton,2612,16,380,47,530,29,377,540,164,309,146,39,45132,203.6,553.1,60,170,440575,99,42082.9,94,885.7,164777.6,2617.89,151098.69,904.73,97.0,27264.03,163.25,17.5,54401.49,325.74,34.9,22469.28,134.54,14.4,14582.48,87.32,9.4,3494.3,20.92,2.2,5043.0,30.2,3.2,1.7742,1.5185899999999999,0.471591,0.927258,1.7012,0.542211,0.601297,0.709858,0.555584,0.529403,0.44066700000000003,0.775859,0.9909020000000001,0.9862139999999999,1.17254,3.11713,1.25875,0.7407020000000001,1.24594,0.494403,0.0,0.0,0.0,0.0,0.0,0.0,0.0,0.0,0.0,0.0,0.0,0.0,0.0,2.0,2.0,0.0,0.0,1.0,3.0,0.0,0.0,6.0,2.0,0.0,0.0,4.0,3.0,0.0,0.0,15.0,6.0,0.0,0.0,0.0,0.0,0.0,0.0,6.0,3.0,0.0,65 ,36 ,28 ,1 ,98.5%,0,0,0,0,0,40.5,43.7,42.1,2
washington,459,19,68,14,88,4,30,67,59,38,32,38,10796,112.2,293.3,44,129,828557,28,2170.8,31,725.5,36842.0,1480.31,112598.23,1543.03,96.1,41063.39,562.73,35.1,31714.16,434.61,27.1,11788.87,161.55,10.1,12849.87,176.09,11.0,986.52,13.52,0.8,2571.18,35.24,2.2,0.9086040000000001,1.7126400000000002,1.4588,1.18,1.88011,0.5548810000000001,0.7094659999999999,1.05372,0.582608,0.0,0.456662,0.603899,0.9387260000000001,0.5724100000000001,2.2194700000000003,0.8751959999999999,1.09978,1.05034,0.7106,0.721158,0.0,0.0,0.0,0.0,0.0,0.0,0.0,0.0,0.0,0.0,0.0,0.0,0.0,2.0,1.0,0.0,0.0,1.0,3.0,0.0,0.0,3.0,2.0,0.0,0.0,4.0,3.0,0.0,0.0,12.0,7.0,0.0,0.0,0.0,0.0,0.0,0.0,6.0,3.0,0.0,33 ,20 ,13 ,0 ,100.0%,794,315,293,186,76.6%,50.7,41.5,46.1,1
